Month,Sector,StockClass,Age,Sex,SRW_kg,LW_kg,LWG_kg,Velvet_Yield_kg,Wool_Yield_kg,Days_Pregnant,Trimester_Factor,Reproduction_Rate,FWG_kg,Days_Newborn_Fed_Milk,Milk_Mother_kg,Milk_Newborn_kg,MilkPowder_Newborn_kg,Milk_Fat_pct,Milk_Protein_pct,MilkPowder_Protein_pct,ME_Diet_AIM,DMD_pct_Diet_AIM,N_pct_Diet_AIM,BW_kg
1,Beef,Bulls Mature,4,Male,770,600,15.5,NA,NA,NA,NA,NA,NA,NA,NA,NA,NA,NA,NA,NA,9.6,0.669469388,0.0259,NA
1,Beef,Heifers R1,0.5,Female,550,79.56693078252982,11.935681320676295,NA,NA,NA,NA,NA,NA,31,NA,105.55371900826447,8.539944903581267,0.04893203883495146,0.032427184466019415,0.0334,9.6,0.669469388,0.0259,NA
1,Beef,Heifers R2,1.5,Female,550,224.78438685075798,11.93568132067628,NA,NA,34,NA,0.85,4.807192059099802,NA,NA,NA,NA,NA,NA,NA,9.6,0.669469388,0.0259,39.009180595000004
1,Beef,Heifers R3,2.5,Female,550,370.0018429189861,11.93568132067628,NA,NA,34,NA,0.85,4.807192059099802,31,105.55371900826447,NA,NA,0.04893203883495146,0.032427184466019415,NA,9.6,0.669469388,0.0259,39.009180595000004
1,Beef,Cows Mature,4,Female,550,460.31516491210334,0,NA,NA,34,NA,0.85,4.807192059099802,31,105.55371900826447,NA,NA,0.04893203883495146,0.032427184466019415,NA,9.6,0.669469388,0.0259,39.009180595000004
1,Beef,Bulls R1,0.5,Male,770,121.98733327653181,20.16487393526012,NA,NA,NA,NA,NA,NA,31,NA,105.55371900826447,8.539944903581267,0.04893203883495146,0.032427184466019415,0.0334,9.6,0.669469388,0.0259,NA
1,Beef,Bulls R2,1.5,Male,770,367.32663282219653,20.16487393526012,NA,NA,NA,NA,NA,NA,NA,NA,NA,NA,NA,NA,NA,9.6,0.669469388,0.0259,NA
1,Beef,Bulls R3,2.5,Male,770,612.6659323678614,20.16487393526006,NA,NA,NA,NA,NA,NA,NA,NA,NA,NA,NA,NA,NA,9.6,0.669469388,0.0259,NA
1,Beef,Steers R1,0.5,Castrate,660,125.75993497183433,21.115949992899402,NA,NA,NA,NA,NA,NA,31,NA,105.55371900826447,8.539944903581267,0.04893203883495146,0.032427184466019415,0.0334,9.6,0.669469388,0.0259,NA
1,Beef,Steers R2,1.5,Castrate,660,382.6706598854438,21.11594999289946,NA,NA,NA,NA,NA,NA,NA,NA,NA,NA,NA,NA,NA,9.6,0.669469388,0.0259,NA
1,Beef,Steers R3,2.5,Castrate,660,632.8946673013018,7.7425149973964835,NA,NA,NA,NA,NA,NA,NA,NA,NA,NA,NA,NA,NA,9.6,0.669469388,0.0259,NA
2,Beef,Bulls Mature,4,Male,770,600,14,NA,NA,NA,NA,NA,NA,NA,NA,NA,NA,NA,NA,NA,9.2,0.63755102,0.024300000000000002,NA
2,Beef,Heifers R1,0.5,Female,550,91.30368408119485,10.74211318860867,NA,NA,NA,NA,NA,NA,28,NA,95.33884297520662,7.7134986225895315,0.04893203883495146,0.032427184466019415,0.0334,9.2,0.63755102,0.024300000000000002,NA
2,Beef,Heifers R2,1.5,Female,550,236.521140149423,10.742113188608641,NA,NA,62,NA,0.85,4.341979924348209,NA,NA,NA,NA,NA,NA,NA,9.2,0.63755102,0.024300000000000002,39.009180595000004
2,Beef,Heifers R3,2.5,Female,550,381.7385962176511,10.742113188608698,NA,NA,62,NA,0.85,4.341979924348209,28,95.33884297520662,NA,NA,0.04893203883495146,0.032427184466019415,NA,9.2,0.63755102,0.024300000000000002,39.009180595000004
2,Beef,Cows Mature,4,Female,550,460.31516491210334,0,NA,NA,62,NA,0.85,4.341979924348209,28,95.33884297520662,NA,NA,0.04893203883495146,0.032427184466019415,NA,9.2,0.63755102,0.024300000000000002,39.009180595000004
2,Beef,Bulls R1,0.5,Male,770,141.8161259795376,18.148386541734112,NA,NA,NA,NA,NA,NA,28,NA,95.33884297520662,7.7134986225895315,0.04893203883495146,0.032427184466019415,0.0334,9.2,0.63755102,0.024300000000000002,NA
2,Beef,Bulls R2,1.5,Male,770,387.1554255252023,18.148386541734055,NA,NA,NA,NA,NA,NA,NA,NA,NA,NA,NA,NA,NA,9.2,0.63755102,0.024300000000000002,NA
2,Beef,Bulls R3,2.5,Male,770,623.4205318,0,NA,NA,NA,NA,NA,NA,NA,NA,NA,NA,NA,NA,NA,9.2,0.63755102,0.024300000000000002,NA
2,Beef,Steers R1,0.5,Castrate,660,146.52395246485207,19.004354993609468,NA,NA,NA,NA,NA,NA,28,NA,95.33884297520662,7.7134986225895315,0.04893203883495146,0.032427184466019415,0.0334,9.2,0.63755102,0.024300000000000002,NA
2,Beef,Steers R2,1.5,Castrate,660,403.4346773784616,19.004354993609468,NA,NA,NA,NA,NA,NA,NA,NA,NA,NA,NA,NA,NA,9.2,0.63755102,0.024300000000000002,NA
2,Beef,Steers R3,2.5,Castrate,660,636.7659248,0,NA,NA,NA,NA,NA,NA,NA,NA,NA,NA,NA,NA,NA,9.2,0.63755102,0.024300000000000002,NA
3,Beef,Bulls Mature,4,Male,770,600,15.5,NA,NA,NA,NA,NA,NA,NA,NA,NA,NA,NA,NA,NA,9,0.623469388,0.026600000000000002,NA
3,Beef,Heifers R1,0.5,Female,550,103.04043737985987,11.93568132067628,NA,NA,NA,NA,NA,NA,31,NA,105.55371900826447,8.539944903581267,0.04893203883495146,0.032427184466019415,0.0334,9,0.623469388,0.026600000000000002,NA
3,Beef,Heifers R2,1.5,Female,550,248.257893448088,11.93568132067628,NA,NA,93,NA,0.85,4.807192059099802,NA,NA,NA,NA,NA,NA,NA,9,0.623469388,0.026600000000000002,39.009180595000004
3,Beef,Heifers R3,2.5,Female,550,393.4753495163161,11.935681320676338,NA,NA,93,NA,0.85,4.807192059099802,31,105.55371900826447,NA,NA,0.04893203883495146,0.032427184466019415,NA,9,0.623469388,0.026600000000000002,39.009180595000004
3,Beef,Cows Mature,4,Female,550,460.31516491210334,0,NA,NA,93,NA,0.85,4.807192059099802,31,105.55371900826447,NA,NA,0.04893203883495146,0.032427184466019415,NA,9,0.623469388,0.026600000000000002,39.009180595000004
3,Beef,Bulls R1,0.5,Male,770,161.64491868254336,20.16487393526012,NA,NA,NA,NA,NA,NA,31,NA,105.55371900826447,8.539944903581267,0.04893203883495146,0.032427184466019415,0.0334,9,0.623469388,0.026600000000000002,NA
3,Beef,Bulls R2,1.5,Male,770,406.9842182282081,20.16487393526012,NA,NA,NA,NA,NA,NA,NA,NA,NA,NA,NA,NA,NA,9,0.623469388,0.026600000000000002,NA
3,Beef,Bulls R3,2.5,Male,770,623.4205318,0,NA,NA,NA,NA,NA,NA,NA,NA,NA,NA,NA,NA,NA,9,0.623469388,0.026600000000000002,NA
3,Beef,Steers R1,0.5,Castrate,660,167.28796995786982,21.115949992899402,NA,NA,NA,NA,NA,NA,31,NA,105.55371900826447,8.539944903581267,0.04893203883495146,0.032427184466019415,0.0334,9,0.623469388,0.026600000000000002,NA
3,Beef,Steers R2,1.5,Castrate,660,424.19869487147935,21.115949992899402,NA,NA,NA,NA,NA,NA,NA,NA,NA,NA,NA,NA,NA,9,0.623469388,0.026600000000000002,NA
3,Beef,Steers R3,2.5,Castrate,660,636.7659248,0,NA,NA,NA,NA,NA,NA,NA,NA,NA,NA,NA,NA,NA,9,0.623469388,0.026600000000000002,NA
4,Beef,Bulls Mature,4,Male,770,600,15,NA,NA,NA,NA,NA,NA,NA,NA,NA,NA,NA,NA,NA,9.6,0.665714286,0.0297,NA
4,Beef,Heifers R1,0.5,Female,550,115.17504672254742,11.537825276653734,NA,NA,NA,NA,NA,NA,30,NA,102.14876033057851,8.264462809917356,0.04893203883495146,0.032427184466019415,0.0334,9.6,0.665714286,0.0297,NA
4,Beef,Heifers R2,1.5,Female,550,260.39250279077555,11.537825276653734,NA,NA,123,NA,0.85,4.652121347515938,NA,NA,NA,NA,NA,NA,NA,9.6,0.665714286,0.0297,39.009180595000004
4,Beef,Heifers R3,2.5,Female,550,405.60995885900365,11.537825276653791,NA,NA,123,NA,0.85,4.652121347515938,30,102.14876033057851,NA,NA,0.04893203883495146,0.032427184466019415,NA,9.6,0.665714286,0.0297,39.009180595000004
4,Beef,Cows Mature,4,Female,550,460.31516491210334,0,NA,NA,123,NA,0.85,4.652121347515938,30,102.14876033057851,NA,NA,0.04893203883495146,0.032427184466019415,NA,9.6,0.665714286,0.0297,39.009180595000004
4,Beef,Bulls R1,0.5,Male,770,182.1458738500578,19.49271147075146,NA,NA,NA,NA,NA,NA,30,NA,102.14876033057851,8.264462809917356,0.04893203883495146,0.032427184466019415,0.0334,9.6,0.665714286,0.0297,NA
4,Beef,Bulls R2,1.5,Male,770,427.48517339572254,19.49271147075143,NA,NA,NA,NA,NA,NA,NA,NA,NA,NA,NA,NA,NA,9.6,0.665714286,0.0297,NA
4,Beef,Bulls R3,2.5,Male,770,623.4205318,0,NA,NA,NA,NA,NA,NA,NA,NA,NA,NA,NA,NA,NA,9.6,0.665714286,0.0297,NA
4,Beef,Steers R1,0.5,Castrate,660,188.75585245065088,20.41208499313612,NA,NA,NA,NA,NA,NA,30,NA,102.14876033057851,8.264462809917356,0.04893203883495146,0.032427184466019415,0.0334,9.6,0.665714286,0.0297,NA
4,Beef,Steers R2,1.5,Castrate,660,445.6665773642604,20.41208499313609,NA,NA,NA,NA,NA,NA,NA,NA,NA,NA,NA,NA,NA,9.6,0.665714286,0.0297,NA
4,Beef,Steers R3,2.5,Castrate,660,636.7659248,0,NA,NA,NA,NA,NA,NA,NA,NA,NA,NA,NA,NA,NA,9.6,0.665714286,0.0297,NA
5,Beef,Bulls Mature,4,Male,770,600,15.5,NA,NA,NA,NA,NA,NA,NA,NA,NA,NA,NA,NA,NA,9.849384131,0.69076513,0.031178016569999998,NA
5,Beef,Heifers R1,0.5,Female,550,127.30965606523498,11.93568132067628,NA,NA,NA,NA,NA,NA,19,NA,64.69421487603306,5.234159779614325,0.04893203883495146,0.032427184466019415,0.0334,9.849384131,0.69076513,0.031178016569999998,NA
5,Beef,Heifers R2,1.5,Female,550,272.5271121334631,11.93568132067628,NA,NA,154,NA,0.85,4.807192059099802,NA,NA,NA,NA,NA,NA,NA,9.849384131,0.69076513,0.031178016569999998,39.009180595000004
5,Beef,Heifers R3,2.5,Female,550,417.74456820169127,11.93568132067628,NA,NA,154,NA,0.85,4.807192059099802,19,64.69421487603306,NA,NA,0.04893203883495146,0.032427184466019415,NA,9.849384131,0.69076513,0.031178016569999998,39.009180595000004
5,Beef,Cows Mature,4,Female,550,460.31516491210334,0,NA,NA,154,NA,0.85,4.807192059099802,19,64.69421487603306,NA,NA,0.04893203883495146,0.032427184466019415,NA,9.849384131,0.69076513,0.031178016569999998,39.009180595000004
5,Beef,Bulls R1,0.5,Male,770,202.64682901757226,20.16487393526012,NA,NA,NA,NA,NA,NA,19,NA,64.69421487603306,5.234159779614325,0.04893203883495146,0.032427184466019415,0.0334,9.849384131,0.69076513,0.031178016569999998,NA
5,Beef,Bulls R2,1.5,Male,770,447.986128563237,20.16487393526012,NA,NA,NA,NA,NA,NA,NA,NA,NA,NA,NA,NA,NA,9.849384131,0.69076513,0.031178016569999998,NA
5,Beef,Bulls R3,2.5,Male,770,623.4205318,0,NA,NA,NA,NA,NA,NA,NA,NA,NA,NA,NA,NA,NA,9.849384131,0.69076513,0.031178016569999998,NA
5,Beef,Steers R1,0.5,Castrate,660,210.22373494343196,21.115949992899402,NA,NA,NA,NA,NA,NA,19,NA,64.69421487603306,5.234159779614325,0.04893203883495146,0.032427184466019415,0.0334,9.849384131,0.69076513,0.031178016569999998,NA
5,Beef,Steers R2,1.5,Castrate,660,467.1344598570414,21.115949992899402,NA,NA,NA,NA,NA,NA,NA,NA,NA,NA,NA,NA,NA,9.849384131,0.69076513,0.031178016569999998,NA
5,Beef,Steers R3,2.5,Castrate,660,636.7659248,0,NA,NA,NA,NA,NA,NA,NA,NA,NA,NA,NA,NA,NA,9.849384131,0.69076513,0.031178016569999998,NA
6,Beef,Bulls Mature,4,Male,770,600,15,NA,NA,NA,NA,NA,NA,NA,NA,NA,NA,NA,NA,NA,10.76857831,0.729958605,0.033048453979999996,NA
6,Beef,Heifers R1,0.5,Female,550,139.44426540792253,11.537825276653734,NA,NA,NA,NA,NA,NA,NA,NA,NA,NA,NA,NA,NA,10.76857831,0.729958605,0.033048453979999996,NA
6,Beef,Heifers R2,1.5,Female,550,284.66172147615066,11.537825276653734,NA,NA,184,NA,0.85,4.652121347515938,NA,NA,NA,NA,NA,NA,NA,10.76857831,0.729958605,0.033048453979999996,39.009180595000004
6,Beef,Heifers R3,2.5,Female,550,429.8791775443788,11.537825276653734,NA,NA,184,NA,0.85,4.652121347515938,NA,NA,NA,NA,NA,NA,NA,10.76857831,0.729958605,0.033048453979999996,39.009180595000004
6,Beef,Cows Mature,4,Female,550,460.31516491210334,0,NA,NA,184,NA,0.85,4.652121347515938,NA,NA,NA,NA,NA,NA,NA,10.76857831,0.729958605,0.033048453979999996,39.009180595000004
6,Beef,Bulls R1,0.5,Male,770,223.14778418508672,19.49271147075143,NA,NA,NA,NA,NA,NA,NA,NA,NA,NA,NA,NA,NA,10.76857831,0.729958605,0.033048453979999996,NA
6,Beef,Bulls R2,1.5,Male,770,468.48708373075146,19.49271147075143,NA,NA,NA,NA,NA,NA,NA,NA,NA,NA,NA,NA,NA,10.76857831,0.729958605,0.033048453979999996,NA
6,Beef,Bulls R3,2.5,Male,770,623.4205318,0,NA,NA,NA,NA,NA,NA,NA,NA,NA,NA,NA,NA,NA,10.76857831,0.729958605,0.033048453979999996,NA
6,Beef,Steers R1,0.5,Castrate,660,231.69161743621302,20.41208499313609,NA,NA,NA,NA,NA,NA,NA,NA,NA,NA,NA,NA,NA,10.76857831,0.729958605,0.033048453979999996,NA
6,Beef,Steers R2,1.5,Castrate,660,488.6023423498225,20.41208499313609,NA,NA,NA,NA,NA,NA,NA,NA,NA,NA,NA,NA,NA,10.76857831,0.729958605,0.033048453979999996,NA
6,Beef,Steers R3,2.5,Castrate,660,636.7659248,0,NA,NA,NA,NA,NA,NA,NA,NA,NA,NA,NA,NA,NA,10.76857831,0.729958605,0.033048453979999996,NA
7,Beef,Bulls Mature,4,Male,770,600,15.5,NA,NA,NA,NA,NA,NA,NA,NA,NA,NA,NA,NA,NA,11.07282223,0.741367314,0.03452546438,NA
7,Beef,Heifers R1,0.5,Female,550,151.57887475061008,11.93568132067628,NA,NA,NA,NA,NA,NA,NA,NA,NA,NA,NA,NA,NA,11.07282223,0.741367314,0.03452546438,NA
7,Beef,Heifers R2,1.5,Female,550,296.7963308188382,11.93568132067628,NA,NA,215,NA,0.85,4.807192059099802,NA,NA,NA,NA,NA,NA,NA,11.07282223,0.741367314,0.03452546438,39.009180595000004
7,Beef,Heifers R3,2.5,Female,550,442.0137868870664,11.93568132067628,NA,NA,215,NA,0.85,4.807192059099802,NA,NA,NA,NA,NA,NA,NA,11.07282223,0.741367314,0.03452546438,39.009180595000004
7,Beef,Cows Mature,4,Female,550,460.31516491210334,0,NA,NA,215,NA,0.85,4.807192059099802,NA,NA,NA,NA,NA,NA,NA,11.07282223,0.741367314,0.03452546438,39.009180595000004
7,Beef,Bulls R1,0.5,Male,770,243.64873935260118,20.16487393526012,NA,NA,NA,NA,NA,NA,NA,NA,NA,NA,NA,NA,NA,11.07282223,0.741367314,0.03452546438,NA
7,Beef,Bulls R2,1.5,Male,770,488.9880388982659,20.16487393526012,NA,NA,NA,NA,NA,NA,NA,NA,NA,NA,NA,NA,NA,11.07282223,0.741367314,0.03452546438,NA
7,Beef,Bulls R3,2.5,Male,770,623.4205318,0,NA,NA,NA,NA,NA,NA,NA,NA,NA,NA,NA,NA,NA,11.07282223,0.741367314,0.03452546438,NA
7,Beef,Steers R1,0.5,Castrate,660,253.15949992899408,21.11594999289943,NA,NA,NA,NA,NA,NA,NA,NA,NA,NA,NA,NA,NA,11.07282223,0.741367314,0.03452546438,NA
7,Beef,Steers R2,1.5,Castrate,660,510.0702248426036,21.11594999289946,NA,NA,NA,NA,NA,NA,NA,NA,NA,NA,NA,NA,NA,11.07282223,0.741367314,0.03452546438,NA
7,Beef,Steers R3,2.5,Castrate,660,636.7659248,0,NA,NA,NA,NA,NA,NA,NA,NA,NA,NA,NA,NA,NA,11.07282223,0.741367314,0.03452546438,NA
8,Beef,Bulls Mature,4,Male,770,600,15.5,NA,NA,NA,NA,NA,NA,NA,NA,NA,NA,NA,NA,NA,11.41898817,0.761940541,0.034759013809999996,NA
8,Beef,Heifers R1,0.5,Female,550,163.9124121153089,11.93568132067628,NA,NA,NA,NA,NA,NA,NA,NA,NA,NA,NA,NA,NA,11.41898817,0.761940541,0.034759013809999996,NA
8,Beef,Heifers R2,1.5,Female,550,309.12986818353704,11.93568132067628,NA,NA,246,NA,0.85,4.807192059099802,NA,NA,NA,NA,NA,NA,NA,11.41898817,0.761940541,0.034759013809999996,39.009180595000004
8,Beef,Heifers R3,2.5,Female,550,454.3473242517652,11.93568132067628,NA,NA,246,NA,0.85,4.807192059099802,NA,NA,NA,NA,NA,NA,NA,11.41898817,0.761940541,0.034759013809999996,39.009180595000004
8,Beef,Cows Mature,4,Female,550,460.31516491210334,0,NA,NA,246,NA,0.85,4.807192059099802,NA,NA,NA,NA,NA,NA,NA,11.41898817,0.761940541,0.034759013809999996,39.009180595000004
8,Beef,Bulls R1,0.5,Male,770,264.48577575236993,20.16487393526012,NA,NA,NA,NA,NA,NA,NA,NA,NA,NA,NA,NA,NA,11.41898817,0.761940541,0.034759013809999996,NA
8,Beef,Bulls R2,1.5,Male,770,509.8250752980347,20.16487393526012,NA,NA,NA,NA,NA,NA,NA,NA,NA,NA,NA,NA,NA,11.41898817,0.761940541,0.034759013809999996,NA
8,Beef,Bulls R3,2.5,Male,770,623.4205318,0,NA,NA,NA,NA,NA,NA,NA,NA,NA,NA,NA,NA,NA,11.41898817,0.761940541,0.034759013809999996,NA
8,Beef,Steers R1,0.5,Castrate,660,274.97931492165685,21.115949992899402,NA,NA,NA,NA,NA,NA,NA,NA,NA,NA,NA,NA,NA,11.41898817,0.761940541,0.034759013809999996,NA
8,Beef,Steers R2,1.5,Castrate,660,531.8900398352663,21.11594999289946,NA,NA,NA,NA,NA,NA,NA,NA,NA,NA,NA,NA,NA,11.41898817,0.761940541,0.034759013809999996,NA
8,Beef,Steers R3,2.5,Castrate,660,636.7659248,0,NA,NA,NA,NA,NA,NA,NA,NA,NA,NA,NA,NA,NA,11.41898817,0.761940541,0.034759013809999996,NA
9,Beef,Bulls Mature,4,Male,770,600,15,NA,NA,NA,NA,NA,NA,NA,NA,NA,NA,NA,NA,NA,11.71593179,0.778308815,0.0353366656,NA
9,Beef,Heifers R1,0.5,Female,550,34.6091978079825,3.9785604402254293,NA,NA,NA,NA,NA,NA,11,NA,37.45454545454545,3.0303030303030303,0.04893203883495146,0.032427184466019415,0.0334,11.71593179,0.778308815,0.0353366656,NA
9,Beef,Heifers R2,1.5,Female,550,176.0470214579965,11.537825276653763,NA,NA,269,NA,0.85,2.946343520093427,NA,NA,NA,NA,NA,NA,NA,11.71593179,0.778308815,0.0353366656,39.009180595000004
9,Beef,Heifers R3,2.5,Female,550,321.2644775262246,11.537825276653734,NA,NA,269,NA,0.85,2.946343520093427,11,37.45454545454545,NA,NA,0.04893203883495146,0.032427184466019415,NA,11.71593179,0.778308815,0.0353366656,39.009180595000004
9,Beef,Cows Mature,4,Female,550,460.31516491210334,0,NA,NA,269,NA,0.85,2.946343520093427,11,37.45454545454545,NA,NA,0.04893203883495146,0.032427184466019415,NA,11.71593179,0.778308815,0.0353366656,39.009180595000004
9,Beef,Bulls R1,0.5,Male,770,46.03297478705203,6.721624645086699,NA,NA,NA,NA,NA,NA,11,NA,37.45454545454545,3.0303030303030303,0.04893203883495146,0.032427184466019415,0.0334,11.71593179,0.778308815,0.0353366656,NA
9,Beef,Bulls R2,1.5,Male,770,284.9867309198844,19.49271147075143,NA,NA,NA,NA,NA,NA,NA,NA,NA,NA,NA,NA,NA,11.71593179,0.778308815,0.0353366656,NA
9,Beef,Bulls R3,2.5,Male,770,530.3260304655491,19.492711470751487,NA,NA,NA,NA,NA,NA,NA,NA,NA,NA,NA,NA,NA,11.71593179,0.778308815,0.0353366656,NA
9,Beef,Steers R1,0.5,Castrate,660,46.22318999857988,7.0386499976331365,NA,NA,NA,NA,NA,NA,11,NA,37.45454545454545,3.0303030303030303,0.04893203883495146,0.032427184466019415,0.0334,11.71593179,0.778308815,0.0353366656,NA
9,Beef,Steers R2,1.5,Castrate,660,296.4471974144379,20.41208499313609,NA,NA,NA,NA,NA,NA,NA,NA,NA,NA,NA,NA,NA,11.71593179,0.778308815,0.0353366656,NA
9,Beef,Steers R3,2.5,Castrate,660,553.3579223280474,20.41208499313609,NA,NA,NA,NA,NA,NA,NA,NA,NA,NA,NA,NA,NA,11.71593179,0.778308815,0.0353366656,NA
10,Beef,Bulls Mature,4,Male,770,600,15.5,NA,NA,NA,NA,NA,NA,NA,NA,NA,NA,NA,NA,NA,11.39978803,0.759886776,0.0320485545,NA
10,Beef,Heifers R1,0.5,Female,550,42.9641747324559,11.935681320676288,NA,NA,NA,NA,NA,NA,31,NA,105.55371900826447,8.539944903581267,0.04893203883495146,0.032427184466019415,0.0334,11.39978803,0.759886776,0.0320485545,NA
10,Beef,Heifers R2,1.5,Female,550,188.18163080068405,11.93568132067631,NA,NA,NA,NA,0.85,NA,NA,NA,NA,NA,NA,NA,NA,11.39978803,0.759886776,0.0320485545,NA
10,Beef,Heifers R3,2.5,Female,550,333.39908686891215,11.93568132067628,NA,NA,NA,NA,0.85,NA,31,105.55371900826447,NA,NA,0.04893203883495146,0.032427184466019415,NA,11.39978803,0.759886776,0.0320485545,NA
10,Beef,Cows Mature,4,Female,550,460.31516491210334,0,NA,NA,NA,NA,0.85,NA,31,105.55371900826447,NA,NA,0.04893203883495146,0.032427184466019415,NA,11.39978803,0.759886776,0.0320485545,NA
10,Beef,Bulls R1,0.5,Male,770,60.14838654173411,20.16487393526012,NA,NA,NA,NA,NA,NA,31,NA,105.55371900826447,8.539944903581267,0.04893203883495146,0.032427184466019415,0.0334,11.39978803,0.759886776,0.0320485545,NA
10,Beef,Bulls R2,1.5,Male,770,305.48768608739886,20.16487393526012,NA,NA,NA,NA,NA,NA,NA,NA,NA,NA,NA,NA,NA,11.39978803,0.759886776,0.0320485545,NA
10,Beef,Bulls R3,2.5,Male,770,550.8269856330637,20.16487393526006,NA,NA,NA,NA,NA,NA,NA,NA,NA,NA,NA,NA,NA,11.39978803,0.759886776,0.0320485545,NA
10,Beef,Steers R1,0.5,Castrate,660,61.004354993609475,21.115949992899417,NA,NA,NA,NA,NA,NA,31,NA,105.55371900826447,8.539944903581267,0.04893203883495146,0.032427184466019415,0.0334,11.39978803,0.759886776,0.0320485545,NA
10,Beef,Steers R2,1.5,Castrate,660,317.9150799072189,21.115949992899402,NA,NA,NA,NA,NA,NA,NA,NA,NA,NA,NA,NA,NA,11.39978803,0.759886776,0.0320485545,NA
10,Beef,Steers R3,2.5,Castrate,660,574.8258048208284,21.115949992899345,NA,NA,NA,NA,NA,NA,NA,NA,NA,NA,NA,NA,NA,11.39978803,0.759886776,0.0320485545,NA
11,Beef,Bulls Mature,4,Male,770,600,15,NA,NA,NA,NA,NA,NA,NA,NA,NA,NA,NA,NA,NA,10.3,0.701387755,0.027999999999999997,NA
11,Beef,Heifers R1,0.5,Female,550,55.098784075143456,11.537825276653741,NA,NA,NA,NA,NA,NA,30,NA,102.14876033057851,8.264462809917356,0.04893203883495146,0.032427184466019415,0.0334,10.3,0.701387755,0.027999999999999997,NA
11,Beef,Heifers R2,1.5,Female,550,200.3162401433716,11.537825276653763,NA,NA,NA,NA,0.85,NA,NA,NA,NA,NA,NA,NA,NA,10.3,0.701387755,0.027999999999999997,NA
11,Beef,Heifers R3,2.5,Female,550,345.5336962115997,11.537825276653734,NA,NA,NA,NA,0.85,NA,30,102.14876033057851,NA,NA,0.04893203883495146,0.032427184466019415,NA,10.3,0.701387755,0.027999999999999997,NA
11,Beef,Cows Mature,4,Female,550,460.31516491210334,0,NA,NA,NA,NA,0.85,NA,30,102.14876033057851,NA,NA,0.04893203883495146,0.032427184466019415,NA,10.3,0.701387755,0.027999999999999997,NA
11,Beef,Bulls R1,0.5,Male,770,80.64934170924857,19.492711470751445,NA,NA,NA,NA,NA,NA,30,NA,102.14876033057851,8.264462809917356,0.04893203883495146,0.032427184466019415,0.0334,10.3,0.701387755,0.027999999999999997,NA
11,Beef,Bulls R2,1.5,Male,770,325.9886412549133,19.492711470751487,NA,NA,NA,NA,NA,NA,NA,NA,NA,NA,NA,NA,NA,10.3,0.701387755,0.027999999999999997,NA
11,Beef,Bulls R3,2.5,Male,770,571.3279408005781,19.492711470751374,NA,NA,NA,NA,NA,NA,NA,NA,NA,NA,NA,NA,NA,10.3,0.701387755,0.027999999999999997,NA
11,Beef,Steers R1,0.5,Castrate,660,82.47223748639054,20.41208499313609,NA,NA,NA,NA,NA,NA,30,NA,102.14876033057851,8.264462809917356,0.04893203883495146,0.032427184466019415,0.0334,10.3,0.701387755,0.027999999999999997,NA
11,Beef,Steers R2,1.5,Castrate,660,339.3829624,20.41208499313609,NA,NA,NA,NA,NA,NA,NA,NA,NA,NA,NA,NA,NA,10.3,0.701387755,0.027999999999999997,NA
11,Beef,Steers R3,2.5,Castrate,660,596.2936873136096,20.41208499313609,NA,NA,NA,NA,NA,NA,NA,NA,NA,NA,NA,NA,NA,10.3,0.701387755,0.027999999999999997,NA
12,Beef,Bulls Mature,4,Male,770,600,15.5,NA,NA,NA,NA,NA,NA,NA,NA,NA,NA,NA,NA,NA,10.1,0.681673469,0.027200000000000002,NA
12,Beef,Heifers R1,0.5,Female,550,67.23339341783101,11.93568132067628,NA,NA,NA,NA,NA,NA,31,NA,105.55371900826447,8.539944903581267,0.04893203883495146,0.032427184466019415,0.0334,10.1,0.681673469,0.027200000000000002,NA
12,Beef,Heifers R2,1.5,Female,550,212.45084948605916,11.93568132067628,NA,NA,3,NA,0.85,3.1014142316772917,NA,NA,NA,NA,NA,NA,NA,10.1,0.681673469,0.027200000000000002,39.009180595000004
12,Beef,Heifers R3,2.5,Female,550,357.66830555428726,11.93568132067628,NA,NA,3,NA,0.85,3.1014142316772917,31,105.55371900826447,NA,NA,0.04893203883495146,0.032427184466019415,NA,10.1,0.681673469,0.027200000000000002,39.009180595000004
12,Beef,Cows Mature,4,Female,550,460.31516491210334,0,NA,NA,3,NA,0.85,3.1014142316772917,31,105.55371900826447,NA,NA,0.04893203883495146,0.032427184466019415,NA,10.1,0.681673469,0.027200000000000002,39.009180595000004
12,Beef,Bulls R1,0.5,Male,770,101.15029687676301,20.16487393526012,NA,NA,NA,NA,NA,NA,31,NA,105.55371900826447,8.539944903581267,0.04893203883495146,0.032427184466019415,0.0334,10.1,0.681673469,0.027200000000000002,NA
12,Beef,Bulls R2,1.5,Male,770,346.4895964224278,20.16487393526012,NA,NA,NA,NA,NA,NA,NA,NA,NA,NA,NA,NA,NA,10.1,0.681673469,0.027200000000000002,NA
12,Beef,Bulls R3,2.5,Male,770,591.8288959680925,20.164873935260175,NA,NA,NA,NA,NA,NA,NA,NA,NA,NA,NA,NA,NA,10.1,0.681673469,0.027200000000000002,NA
12,Beef,Steers R1,0.5,Castrate,660,103.94011997917161,21.115949992899402,NA,NA,NA,NA,NA,NA,31,NA,105.55371900826447,8.539944903581267,0.04893203883495146,0.032427184466019415,0.0334,10.1,0.681673469,0.027200000000000002,NA
12,Beef,Steers R2,1.5,Castrate,660,360.8508448927811,21.115949992899402,NA,NA,NA,NA,NA,NA,NA,NA,NA,NA,NA,NA,NA,10.1,0.681673469,0.027200000000000002,NA
12,Beef,Steers R3,2.5,Castrate,660,617.7615698063905,21.11594999289946,NA,NA,NA,NA,NA,NA,NA,NA,NA,NA,NA,NA,NA,10.1,0.681673469,0.027200000000000002,NA
1,Dairy,Dairy Bulls Mature,4,Male,770,500,15.5,NA,NA,NA,NA,NA,NA,NA,NA,NA,NA,NA,NA,NA,10.7981159,0.745193111,0.02900785104,NA
1,Dairy,Dairy Heifers R1,0.5,Female,550,141.0611654862085,18.559785135541432,NA,NA,NA,NA,NA,NA,NA,NA,NA,NA,NA,NA,NA,10.7981159,0.745193111,0.02900785104,NA
1,Dairy,Dairy Heifers R2,1.5,Female,550,366.8718846352959,18.55978513554146,NA,NA,76,NA,1,5.097660778187425,NA,NA,NA,NA,NA,NA,NA,10.7981159,0.745193111,0.02900785104,NA
1,Dairy,Milking Cows Mature,4,Female,550,488.12914752083327,0,NA,NA,76,NA,1,5.097660778187425,NA,NA,NA,NA,NA,NA,NA,10.7981159,0.745193111,0.02900785104,NA
2,Dairy,Dairy Bulls Mature,4,Male,770,500,14,NA,NA,NA,NA,NA,NA,NA,NA,NA,NA,NA,NA,NA,10.54643429,0.721565858,0.02766554914,NA
2,Dairy,Dairy Heifers R1,0.5,Female,550,159.3116208694909,16.70380662198727,NA,NA,NA,NA,NA,NA,NA,NA,NA,NA,NA,NA,NA,10.54643429,0.721565858,0.02766554914,NA
2,Dairy,Dairy Heifers R2,1.5,Female,550,385.1223400185783,16.70380662198727,NA,NA,104,NA,1,4.6043387673950935,NA,NA,NA,NA,NA,NA,NA,10.54643429,0.721565858,0.02766554914,NA
2,Dairy,Milking Cows Mature,4,Female,550,488.12914752083327,0,NA,NA,104,NA,1,4.6043387673950935,NA,NA,NA,NA,NA,NA,NA,10.54643429,0.721565858,0.02766554914,NA
3,Dairy,Dairy Bulls Mature,4,Male,770,500,15.5,NA,NA,NA,NA,NA,NA,NA,NA,NA,NA,NA,NA,NA,10.29475268,0.710539807,0.02967900199,NA
3,Dairy,Dairy Heifers R1,0.5,Female,550,177.5620762527733,18.559785135541432,NA,NA,NA,NA,NA,NA,NA,NA,NA,NA,NA,NA,NA,10.29475268,0.710539807,0.02967900199,NA
3,Dairy,Dairy Heifers R2,1.5,Female,550,403.3727954018607,18.559785135541404,NA,NA,135,NA,1,5.097660778187425,NA,NA,NA,NA,NA,NA,NA,10.29475268,0.710539807,0.02967900199,NA
3,Dairy,Milking Cows Mature,4,Female,550,488.12914752083327,0,NA,NA,135,NA,1,5.097660778187425,NA,NA,NA,NA,NA,NA,NA,10.29475268,0.710539807,0.02967900199,NA
4,Dairy,Dairy Bulls Mature,4,Male,770,500,15,NA,NA,NA,NA,NA,NA,NA,NA,NA,NA,NA,NA,NA,10.7981159,0.742042811,0.03219581806,NA
4,Dairy,Dairy Heifers R1,0.5,Female,550,196.4311911405738,17.941125631023368,NA,NA,NA,NA,NA,NA,NA,NA,NA,NA,NA,NA,NA,10.7981159,0.742042811,0.03219581806,NA
4,Dairy,Dairy Heifers R2,1.5,Female,550,422.2419102896612,17.941125631023397,NA,NA,165,NA,1,4.933220107923315,NA,NA,NA,NA,NA,NA,NA,10.7981159,0.742042811,0.03219581806,NA
4,Dairy,Milking Cows Mature,4,Female,550,488.12914752083327,0,NA,NA,165,NA,1,4.933220107923315,NA,NA,NA,NA,NA,NA,NA,10.7981159,0.742042811,0.03219581806,NA
5,Dairy,Dairy Bulls Mature,4,Male,770,500,15.5,NA,NA,NA,NA,NA,NA,NA,NA,NA,NA,NA,NA,NA,10.96590363,0.754644012,0.03362201383,NA
5,Dairy,Dairy Heifers R1,0.5,Female,550,215.30030602837422,18.559785135541432,NA,NA,NA,NA,NA,NA,NA,NA,NA,NA,NA,NA,NA,10.96590363,0.754644012,0.03362201383,NA
5,Dairy,Dairy Heifers R2,1.5,Female,550,441.1110251774616,18.55978513554146,NA,NA,196,NA,1,5.097660778187425,NA,NA,NA,NA,NA,NA,NA,10.96590363,0.754644012,0.03362201383,NA
5,Dairy,Milking Cows Mature,4,Female,550,488.12914752083327,0,NA,NA,196,NA,1,5.097660778187425,NA,NA,NA,NA,NA,NA,NA,10.96590363,0.754644012,0.03362201383,NA
6,Dairy,Dairy Bulls Mature,4,Male,770,500,15,NA,NA,NA,NA,NA,NA,NA,NA,NA,NA,NA,NA,NA,11.55316071,0.778271265,0.03546767894,NA
6,Dairy,Dairy Heifers R1,0.5,Female,550,234.1694209161747,17.941125631023397,NA,NA,NA,NA,NA,NA,NA,NA,NA,NA,NA,NA,NA,11.55316071,0.778271265,0.03546767894,NA
6,Dairy,Dairy Heifers R2,1.5,Female,550,459.98014006526205,17.94112563102334,NA,NA,226,NA,1,4.933220107923315,NA,NA,NA,NA,NA,NA,NA,11.55316071,0.778271265,0.03546767894,NA
6,Dairy,Milking Cows Mature,4,Female,550,488.12914752083327,0,NA,NA,226,NA,1,4.933220107923315,NA,NA,NA,NA,NA,NA,NA,11.55316071,0.778271265,0.03546767894,NA
7,Dairy,Dairy Bulls Mature,4,Male,770,500,15.5,NA,NA,NA,NA,NA,NA,NA,NA,NA,NA,NA,NA,NA,11.80485201,0.786944197,0.03705619684,NA
7,Dairy,Dairy Heifers R1,0.5,Female,550,253.03853580397512,18.559785135541404,NA,NA,NA,NA,NA,NA,NA,NA,NA,NA,NA,NA,NA,11.80485201,0.786944197,0.03705619684,NA
7,Dairy,Dairy Heifers R2,1.5,Female,550,478.84925495306254,18.55978513554146,NA,NA,257,NA,1,5.097660778187425,NA,NA,NA,NA,NA,NA,NA,11.80485201,0.786944197,0.03705619684,NA
7,Dairy,Milking Cows Mature,4,Female,550,488.12914752083327,0,NA,NA,257,NA,1,5.097660778187425,NA,NA,NA,NA,NA,NA,NA,11.80485201,0.786944197,0.03705619684,NA
8,Dairy,Dairy Heifers R1,0.5,Female,550,50.11821832205547,11.135871081324858,NA,NA,NA,NA,NA,NA,19,NA,NA,62.295081967213115,NA,NA,0.0334,12.05643717,0.800327844,0.03797867579,NA
8,Dairy,Dairy Bulls Mature,4,Male,770,500,15.5,NA,NA,NA,NA,NA,NA,NA,NA,NA,NA,NA,NA,NA,12.05643717,0.800327844,0.03797867579,NA
8,Dairy,Dairy Heifers R2,1.5,Female,550,272.21698044403456,18.559785135541404,NA,NA,269,NA,1,1.973288043169326,NA,NA,NA,NA,NA,NA,NA,12.05643717,0.800327844,0.03797867579,NA
8,Dairy,Milking Cows Mature,4,Female,550,488.12914752083327,0,NA,NA,269,NA,1,1.973288043169326,NA,NA,NA,NA,NA,NA,NA,12.05643717,0.800327844,0.03797867579,NA
9,Dairy,Dairy Bulls Mature,4,Male,770,500,15,NA,NA,NA,NA,NA,NA,NA,NA,NA,NA,NA,NA,NA,12.22416062,0.810562397,0.03856570784,NA
9,Dairy,Dairy Heifers R1,0.5,Female,550,65.27537618274764,17.941125631023382,NA,NA,NA,NA,NA,NA,30,NA,NA,98.36065573770492,NA,NA,0.0334,12.22416062,0.810562397,0.03856570784,NA
9,Dairy,Dairy Heifers R2,1.5,Female,550,291.08609533183505,17.941125631023397,NA,NA,NA,NA,1,NA,NA,NA,NA,NA,NA,NA,NA,12.22416062,0.810562397,0.03856570784,NA
9,Dairy,Milking Cows Mature,4,Female,550,488.12914752083327,0,NA,NA,NA,NA,1,NA,NA,NA,NA,NA,NA,NA,NA,12.22416062,0.810562397,0.03856570784,NA
10,Dairy,Dairy Bulls Mature,4,Male,770,500,15.5,NA,NA,NA,NA,NA,NA,NA,NA,NA,NA,NA,NA,NA,12.22416062,0.807413303,0.034624206910000004,NA
10,Dairy,Dairy Heifers R1,0.5,Female,550,84.1444910705481,18.559785135541432,NA,NA,NA,NA,NA,NA,12,NA,NA,39.34426229508197,NA,NA,0.0334,12.22416062,0.807413303,0.034624206910000004,NA
10,Dairy,Dairy Heifers R2,1.5,Female,550,309.9552102196355,18.55978513554146,NA,NA,NA,NA,1,NA,NA,NA,NA,NA,NA,NA,NA,12.22416062,0.807413303,0.034624206910000004,NA
10,Dairy,Milking Cows Mature,4,Female,550,488.12914752083327,0,NA,NA,NA,NA,1,NA,NA,NA,NA,NA,NA,NA,NA,12.22416062,0.807413303,0.034624206910000004,NA
11,Dairy,Dairy Bulls Mature,4,Male,770,500,15,NA,NA,NA,NA,NA,NA,NA,NA,NA,NA,NA,NA,NA,11.3855434,0.768049638,0.0307665677,NA
11,Dairy,Dairy Heifers R1,0.5,Female,550,103.01360595834855,17.941125631023368,NA,NA,NA,NA,NA,NA,NA,NA,NA,NA,NA,NA,NA,11.3855434,0.768049638,0.0307665677,NA
11,Dairy,Dairy Heifers R2,1.5,Female,550,328.8243251074359,17.94112563102334,NA,NA,14,NA,1,4.439898097130984,NA,NA,NA,NA,NA,NA,NA,11.3855434,0.768049638,0.0307665677,NA
11,Dairy,Milking Cows Mature,4,Female,550,488.12914752083327,0,NA,NA,14,NA,1,4.439898097130984,NA,NA,NA,NA,NA,NA,NA,11.3855434,0.768049638,0.0307665677,NA
12,Dairy,Dairy Bulls Mature,4,Male,770,500,15.5,NA,NA,NA,NA,NA,NA,NA,NA,NA,NA,NA,NA,NA,11.21781995,0.753878718,0.03009567392,NA
12,Dairy,Dairy Heifers R1,0.5,Female,550,121.88272084614901,18.559785135541432,NA,NA,NA,NA,NA,NA,NA,NA,NA,NA,NA,NA,NA,11.21781995,0.753878718,0.03009567392,NA
12,Dairy,Dairy Heifers R2,1.5,Female,550,347.6934399952364,18.55978513554146,NA,NA,45,NA,1,5.097660778187425,NA,NA,NA,NA,NA,NA,NA,11.21781995,0.753878718,0.03009567392,NA
12,Dairy,Milking Cows Mature,4,Female,550,488.12914752083327,0,NA,NA,45,NA,1,5.097660778187425,NA,NA,NA,NA,NA,NA,NA,11.21781995,0.753878718,0.03009567392,NA
1,Dairy,Dairy Bulls R1,0.5,Male,770,147.4708150082434,18.851828074425498,NA,NA,NA,NA,NA,NA,NA,NA,NA,NA,NA,NA,NA,10.7981159,0.745193111,0.02900785104,NA
1,Dairy,Dairy Bulls R2,1.5,Male,770,376.8347232470868,18.851828074425498,NA,NA,NA,NA,NA,NA,NA,NA,NA,NA,NA,NA,NA,10.7981159,0.745193111,0.02900785104,NA
2,Dairy,Dairy Bulls R1,0.5,Male,770,166.00844594809513,16.966645266982937,NA,NA,NA,NA,NA,NA,NA,NA,NA,NA,NA,NA,NA,10.54643429,0.721565858,0.02766554914,NA
2,Dairy,Dairy Bulls R2,1.5,Male,770,395.37235418693854,16.966645266982937,NA,NA,NA,NA,NA,NA,NA,NA,NA,NA,NA,NA,NA,10.54643429,0.721565858,0.02766554914,NA
3,Dairy,Dairy Bulls R1,0.5,Male,770,184.54607688794687,18.851828074425498,NA,NA,NA,NA,NA,NA,NA,NA,NA,NA,NA,NA,NA,10.29475268,0.710539807,0.02967900199,NA
3,Dairy,Dairy Bulls R2,1.5,Male,770,413.9099851267903,18.851828074425498,NA,NA,NA,NA,NA,NA,NA,NA,NA,NA,NA,NA,NA,10.29475268,0.710539807,0.02967900199,NA
4,Dairy,Dairy Bulls R1,0.5,Male,770,203.71210209694607,18.223433805277978,NA,NA,NA,NA,NA,NA,NA,NA,NA,NA,NA,NA,NA,10.7981159,0.742042811,0.03219581806,NA
4,Dairy,Dairy Bulls R2,1.5,Male,770,433.07601033578953,18.223433805277978,NA,NA,NA,NA,NA,NA,NA,NA,NA,NA,NA,NA,NA,10.7981159,0.742042811,0.03219581806,NA
5,Dairy,Dairy Bulls R1,0.5,Male,770,222.87812730594533,18.851828074425498,NA,NA,NA,NA,NA,NA,NA,NA,NA,NA,NA,NA,NA,10.96590363,0.754644012,0.03362201383,NA
5,Dairy,Dairy Bulls R2,1.5,Male,770,452.2420355447888,18.851828074425498,NA,NA,NA,NA,NA,NA,NA,NA,NA,NA,NA,NA,NA,10.96590363,0.754644012,0.03362201383,NA
6,Dairy,Dairy Bulls R1,0.5,Male,770,242.04415251494459,18.223433805277978,NA,NA,NA,NA,NA,NA,NA,NA,NA,NA,NA,NA,NA,11.55316071,0.778271265,0.03546767894,NA
6,Dairy,Dairy Bulls R2,1.5,Male,770,471.408060753788,18.223433805277978,NA,NA,NA,NA,NA,NA,NA,NA,NA,NA,NA,NA,NA,11.55316071,0.778271265,0.03546767894,NA
7,Dairy,Dairy Bulls R1,0.5,Male,770,261.21017772394384,18.851828074425498,NA,NA,NA,NA,NA,NA,NA,NA,NA,NA,NA,NA,NA,11.80485201,0.786944197,0.03705619684,NA
7,Dairy,Dairy Bulls R2,1.5,Male,770,490.57408596278725,18.851828074425498,NA,NA,NA,NA,NA,NA,NA,NA,NA,NA,NA,NA,NA,11.80485201,0.786944197,0.03705619684,NA
8,Dairy,Dairy Bulls R1,0.5,Male,770,55.09685744355849,11.311096844655296,NA,NA,NA,NA,NA,NA,19,NA,NA,62.295081967213115,NA,NA,0.0334,12.05643717,0.800327844,0.03797867579,NA
8,Dairy,Dairy Bulls R2,1.5,Male,770,280.69040006751686,18.85182807442544,NA,NA,NA,NA,NA,NA,NA,NA,NA,NA,NA,NA,NA,12.05643717,0.800327844,0.03797867579,NA
9,Dairy,Dairy Bulls R1,0.5,Male,770,70.49251703767264,18.223433805277978,NA,NA,NA,NA,NA,NA,30,NA,NA,98.36065573770492,NA,NA,0.0334,12.22416062,0.810562397,0.03856570784,NA
9,Dairy,Dairy Bulls R2,1.5,Male,770,299.85642527651606,18.223433805277978,NA,NA,NA,NA,NA,NA,NA,NA,NA,NA,NA,NA,NA,12.22416062,0.810562397,0.03856570784,NA
10,Dairy,Dairy Bulls R1,0.5,Male,770,89.65854224667189,18.851828074425498,NA,NA,NA,NA,NA,NA,12,NA,NA,39.34426229508197,NA,NA,0.0334,12.22416062,0.807413303,0.034624206910000004,NA
10,Dairy,Dairy Bulls R2,1.5,Male,770,319.0224504855153,18.851828074425498,NA,NA,NA,NA,NA,NA,NA,NA,NA,NA,NA,NA,NA,12.22416062,0.807413303,0.034624206910000004,NA
11,Dairy,Dairy Bulls R1,0.5,Male,770,108.82456745567114,18.223433805277963,NA,NA,NA,NA,NA,NA,NA,NA,NA,NA,NA,NA,NA,11.3855434,0.768049638,0.0307665677,NA
11,Dairy,Dairy Bulls R2,1.5,Male,770,338.1884756945146,18.223433805277978,NA,NA,NA,NA,NA,NA,NA,NA,NA,NA,NA,NA,NA,11.3855434,0.768049638,0.0307665677,NA
12,Dairy,Dairy Bulls R1,0.5,Male,770,127.99059266467037,18.851828074425484,NA,NA,NA,NA,NA,NA,NA,NA,NA,NA,NA,NA,NA,11.21781995,0.753878718,0.03009567392,NA
12,Dairy,Dairy Bulls R2,1.5,Male,770,357.3545009035138,18.85182807442544,NA,NA,NA,NA,NA,NA,NA,NA,NA,NA,NA,NA,NA,11.21781995,0.753878718,0.03009567392,NA
1,Deer,Hinds R1,0.5,Female,113,18.194803370786516,4.217696629213481,0,NA,NA,NA,NA,NA,31,NA,52.699999999999996,NA,NA,0.0366,NA,9.7,0.675759184,0.02633,NA
1,Deer,Hinds R2,1.5,Female,113,69.51011235955056,4.217696629213478,0,NA,NA,NA,0.7,NA,NA,NA,NA,NA,NA,NA,NA,9.7,0.675759184,0.02633,NA
1,Deer,Hinds Mature,4,Female,113,110,0,0,NA,NA,NA,0.85,NA,31,52.699999999999996,NA,NA,NA,0.0366,NA,9.7,0.675759184,0.02633,NA
1,Deer,Stags R1,0.5,Male,150,18.881344947446177,4.0074635325997505,0,NA,NA,NA,NA,NA,31,NA,52.699999999999996,NA,NA,0.0366,NA,9.7,0.675759184,0.02633,NA
1,Deer,Stags R2,1.5,Male,150,67.6388179274098,4.007463532599743,0,NA,NA,NA,NA,NA,NA,NA,NA,NA,NA,NA,NA,9.7,0.675759184,0.02633,NA
1,Deer,Stags R3,2.5,Male,150,116.39629090737344,4.007463532599743,0,NA,NA,NA,NA,NA,NA,NA,NA,NA,NA,NA,NA,9.7,0.675759184,0.02633,NA
1,Deer,Stags Mature,4,Male,150,154.86794082033103,3.08379605907843,0,NA,NA,NA,NA,NA,NA,NA,NA,NA,NA,NA,NA,9.7,0.675759184,0.02633,NA
2,Deer,Hinds R1,0.5,Female,113,22.342205056179775,3.7959269662921358,0,NA,NA,NA,NA,NA,28,NA,47.6,NA,NA,0.0366,NA,9.31,0.644216327,0.02473,NA
2,Deer,Hinds R2,1.5,Female,113,73.65751404494382,3.795926966292143,0,NA,NA,NA,0.7,NA,NA,NA,NA,NA,NA,NA,NA,9.31,0.644216327,0.02473,NA
2,Deer,Hinds Mature,4,Female,113,110,0,0,NA,NA,NA,0.85,NA,28,47.6,NA,NA,NA,0.0366,NA,9.31,0.644216327,0.02473,NA
2,Deer,Stags R1,0.5,Male,150,22.822017421169264,3.6067171793397748,0,NA,NA,NA,NA,NA,28,NA,47.6,NA,NA,0.0366,NA,9.31,0.644216327,0.02473,NA
2,Deer,Stags R2,1.5,Male,150,71.57949040113289,3.606717179339782,0,NA,NA,NA,NA,NA,NA,NA,NA,NA,NA,NA,NA,9.31,0.644216327,0.02473,NA
2,Deer,Stags R3,2.5,Male,150,120.33696338109652,3.6067171793397677,0,NA,NA,NA,NA,NA,NA,NA,NA,NA,NA,NA,NA,9.31,0.644216327,0.02473,NA
2,Deer,Stags Mature,4,Male,150,154.86794082033103,2.7853641823934208,0,NA,NA,NA,NA,NA,NA,NA,NA,NA,NA,NA,NA,9.31,0.644216327,0.02473,NA
3,Deer,Hinds R1,0.5,Female,113,26.489606741573034,4.217696629213478,0,NA,NA,NA,NA,NA,18,NA,30.599999999999998,NA,NA,0.0366,NA,9.1,0.630228571,0.02704,NA
3,Deer,Hinds R2,1.5,Female,113,77.80491573033709,4.217696629213492,0,NA,NA,NA,0.7,NA,NA,NA,NA,NA,NA,NA,NA,9.1,0.630228571,0.02704,NA
3,Deer,Hinds Mature,4,Female,113,110,0,0,NA,NA,NA,0.85,NA,18,30.599999999999998,NA,NA,NA,0.0366,NA,9.1,0.630228571,0.02704,NA
3,Deer,Stags R1,0.5,Male,150,26.76268989489235,4.0074635325997505,0,NA,NA,NA,NA,NA,18,NA,30.599999999999998,NA,NA,0.0366,NA,9.1,0.630228571,0.02704,NA
3,Deer,Stags R2,1.5,Male,150,75.52016287485598,4.007463532599758,0,NA,NA,NA,NA,NA,NA,NA,NA,NA,NA,NA,NA,9.1,0.630228571,0.02704,NA
3,Deer,Stags R3,2.5,Male,150,124.27763585481961,4.007463532599743,0,NA,NA,NA,NA,NA,NA,NA,NA,NA,NA,NA,NA,9.1,0.630228571,0.02704,NA
3,Deer,Stags Mature,4,Male,150,154.86794082033103,3.08379605907843,0,NA,NA,NA,NA,NA,NA,NA,NA,NA,NA,NA,NA,9.1,0.630228571,0.02704,NA
4,Deer,Hinds R1,0.5,Female,113,30.777598314606742,4.077106741573033,0,NA,NA,NA,NA,NA,NA,NA,NA,NA,NA,NA,NA,9.7,0.672004082,0.03013,NA
4,Deer,Hinds R2,1.5,Female,113,82.0929073033708,4.077106741573033,0,NA,NA,NA,0.7,NA,NA,NA,NA,NA,NA,NA,NA,9.7,0.672004082,0.03013,NA
4,Deer,Hinds Mature,4,Female,113,110,0,0,NA,NA,NA,0.85,NA,NA,NA,NA,NA,NA,NA,NA,9.7,0.672004082,0.03013,NA
4,Deer,Stags R1,0.5,Male,150,30.836944486368765,3.873881414846423,0,NA,NA,NA,NA,NA,NA,NA,NA,NA,NA,NA,NA,9.7,0.672004082,0.03013,NA
4,Deer,Stags R2,1.5,Male,150,79.5944174663324,3.873881414846423,0,NA,NA,NA,NA,NA,NA,NA,NA,NA,NA,NA,NA,9.7,0.672004082,0.03013,NA
4,Deer,Stags R3,2.5,Male,150,128.351890446296,3.873881414846423,0,NA,NA,NA,NA,NA,NA,NA,NA,NA,NA,NA,NA,9.7,0.672004082,0.03013,NA
4,Deer,Stags Mature,4,Male,150,154.86794082033103,2.9843187668500937,0,NA,NA,NA,NA,NA,NA,NA,NA,NA,NA,NA,NA,9.7,0.672004082,0.03013,NA
5,Deer,Hinds R1,0.5,Female,113,35.06558988764045,4.217696629213478,0,NA,NA,NA,NA,NA,NA,NA,NA,NA,NA,NA,NA,9.81,0.688714286,0.03174,NA
5,Deer,Hinds R2,1.5,Female,113,86.3808988764045,4.217696629213492,0,NA,NA,NA,0.7,NA,NA,NA,NA,NA,NA,NA,NA,9.81,0.688714286,0.03174,NA
5,Deer,Hinds Mature,4,Female,113,110,0,0,NA,NA,NA,0.85,NA,NA,NA,NA,NA,NA,NA,NA,9.81,0.688714286,0.03174,NA
5,Deer,Stags R1,0.5,Male,150,34.91119907784518,4.0074635325997505,0,NA,NA,NA,NA,NA,NA,NA,NA,NA,NA,NA,NA,9.81,0.688714286,0.03174,NA
5,Deer,Stags R2,1.5,Male,150,83.6686720578088,4.007463532599758,0,NA,NA,NA,NA,NA,NA,NA,NA,NA,NA,NA,NA,9.81,0.688714286,0.03174,NA
5,Deer,Stags R3,2.5,Male,150,132.42614503777244,4.007463532599729,0,NA,NA,NA,NA,NA,NA,NA,NA,NA,NA,NA,NA,9.81,0.688714286,0.03174,NA
5,Deer,Stags Mature,4,Male,150,154.86794082033103,3.08379605907843,0,NA,NA,NA,NA,NA,NA,NA,NA,NA,NA,NA,NA,9.81,0.688714286,0.03174,NA
6,Deer,Hinds R1,0.5,Female,113,39.35358146067416,4.077106741573033,0,NA,NA,NA,NA,NA,NA,NA,NA,NA,NA,NA,NA,10.6,0.720257143,0.03403,NA
6,Deer,Hinds R2,1.5,Female,113,90.66889044943821,4.077106741573033,0,NA,NA,0.1,0.7,1.8333333333333333,NA,NA,NA,NA,NA,NA,NA,10.6,0.720257143,0.03403,NA
6,Deer,Hinds Mature,4,Female,113,110,0,0,NA,NA,0.1,0.85,1.8333333333333333,NA,NA,NA,NA,NA,NA,NA,10.6,0.720257143,0.03403,NA
6,Deer,Stags R1,0.5,Male,150,38.98545366932159,3.873881414846423,0,NA,NA,NA,NA,NA,NA,NA,NA,NA,NA,NA,NA,10.6,0.720257143,0.03403,NA
6,Deer,Stags R2,1.5,Male,150,87.74292664928521,3.873881414846423,0,NA,NA,NA,NA,NA,NA,NA,NA,NA,NA,NA,NA,10.6,0.720257143,0.03403,NA
6,Deer,Stags R3,2.5,Male,150,136.50039962924888,3.8738814148464087,0,NA,NA,NA,NA,NA,NA,NA,NA,NA,NA,NA,NA,10.6,0.720257143,0.03403,NA
6,Deer,Stags Mature,4,Male,150,154.86794082033103,2.9843187668500937,0,NA,NA,NA,NA,NA,NA,NA,NA,NA,NA,NA,NA,10.6,0.720257143,0.03403,NA
7,Deer,Hinds R1,0.5,Female,113,43.641573033707864,4.217696629213478,0,NA,NA,NA,NA,NA,NA,NA,NA,NA,NA,NA,NA,10.9,0.733118367,0.03593,NA
7,Deer,Hinds R2,1.5,Female,113,94.95688202247192,4.217696629213492,0,NA,NA,0.1,0.7,1.8944444444444444,NA,NA,NA,NA,NA,NA,NA,10.9,0.733118367,0.03593,NA
7,Deer,Hinds Mature,4,Female,113,110,0,0,NA,NA,0.1,0.85,1.8944444444444444,NA,NA,NA,NA,NA,NA,NA,10.9,0.733118367,0.03593,NA
7,Deer,Stags R1,0.5,Male,150,43.059708260798004,4.0074635325997505,0,NA,NA,NA,NA,NA,NA,NA,NA,NA,NA,NA,NA,10.9,0.733118367,0.03593,NA
7,Deer,Stags R2,1.5,Male,150,91.81718124076164,4.007463532599743,0,NA,NA,NA,NA,NA,NA,NA,NA,NA,NA,NA,NA,10.9,0.733118367,0.03593,NA
7,Deer,Stags R3,2.5,Male,150,140.57465422072528,4.007463532599758,0,NA,NA,NA,NA,NA,NA,NA,NA,NA,NA,NA,NA,10.9,0.733118367,0.03593,NA
7,Deer,Stags Mature,4,Male,150,154.86794082033103,3.08379605907843,0,NA,NA,NA,NA,NA,NA,NA,NA,NA,NA,NA,NA,10.9,0.733118367,0.03593,NA
8,Deer,Hinds R1,0.5,Female,113,47.999859550561794,4.217696629213485,0,NA,NA,NA,NA,NA,NA,NA,NA,NA,NA,NA,NA,11.2,0.751612245,0.03694,NA
8,Deer,Hinds R2,1.5,Female,113,99.31516853932584,4.217696629213478,0,NA,NA,0.3,0.7,1.8944444444444444,NA,NA,NA,NA,NA,NA,NA,11.2,0.751612245,0.03694,NA
8,Deer,Hinds Mature,4,Female,113,110,0,0,NA,NA,0.3,0.85,1.8944444444444444,NA,NA,NA,NA,NA,NA,NA,11.2,0.751612245,0.03694,NA
8,Deer,Stags R1,0.5,Male,150,47.20075391115108,4.0074635325997505,0,NA,NA,NA,NA,NA,NA,NA,NA,NA,NA,NA,NA,11.2,0.751612245,0.03694,NA
8,Deer,Stags R2,1.5,Male,150,95.9582268911147,4.007463532599758,0,NA,NA,NA,NA,NA,NA,NA,NA,NA,NA,NA,NA,11.2,0.751612245,0.03694,NA
8,Deer,Stags R3,2.5,Male,150,144.71569987107836,4.007463532599758,0,NA,NA,NA,NA,NA,NA,NA,NA,NA,NA,NA,NA,11.2,0.751612245,0.03694,NA
8,Deer,Stags Mature,4,Male,150,154.86794082033103,3.08379605907843,0,NA,NA,NA,NA,NA,NA,NA,NA,NA,NA,NA,NA,11.2,0.751612245,0.03694,NA
9,Deer,Hinds R1,0.5,Female,113,52.2878511235955,4.07710674157304,0,NA,NA,NA,NA,NA,NA,NA,NA,NA,NA,NA,NA,11.4,0.76635102,0.03764,NA
9,Deer,Hinds R2,1.5,Female,113,103.60316011235956,4.077106741573033,0,NA,NA,0.3,0.7,1.8333333333333333,NA,NA,NA,NA,NA,NA,NA,11.4,0.76635102,0.03764,NA
9,Deer,Hinds Mature,4,Female,113,110,0,0,NA,NA,0.3,0.85,1.8333333333333333,NA,NA,NA,NA,NA,NA,NA,11.4,0.76635102,0.03764,NA
9,Deer,Stags R1,0.5,Male,150,51.27500850262749,3.873881414846423,0,NA,NA,NA,NA,NA,NA,NA,NA,NA,NA,NA,NA,11.4,0.76635102,0.03764,NA
9,Deer,Stags R2,1.5,Male,150,100.03248148259112,3.873881414846423,3.0748400028087803,NA,NA,NA,NA,NA,NA,NA,NA,NA,NA,NA,NA,11.4,0.76635102,0.03764,NA
9,Deer,Stags R3,2.5,Male,150,148.78995446255476,3.8738814148464087,3.0748400028087803,NA,NA,NA,NA,NA,NA,NA,NA,NA,NA,NA,NA,11.4,0.76635102,0.03764,NA
9,Deer,Stags Mature,4,Male,150,154.86794082033103,2.9843187668500937,3.0748400028087803,NA,NA,NA,NA,NA,NA,NA,NA,NA,NA,NA,NA,11.4,0.76635102,0.03764,NA
10,Deer,Hinds R1,0.5,Female,113,56.57584269662921,4.217696629213485,0,NA,NA,NA,NA,NA,NA,NA,NA,NA,NA,NA,NA,11.4,0.76175102,0.03294,NA
10,Deer,Hinds R2,1.5,Female,113,107.89115168539325,4.217696629213478,0,NA,NA,0.6,0.7,1.8944444444444444,NA,NA,NA,NA,NA,NA,NA,11.4,0.76175102,0.03294,NA
10,Deer,Hinds Mature,4,Female,113,110,0,0,NA,NA,0.6,0.85,1.8944444444444444,NA,NA,NA,NA,NA,NA,NA,11.4,0.76175102,0.03294,NA
10,Deer,Stags R1,0.5,Male,150,55.349263094103904,4.0074635325997505,0,NA,NA,NA,NA,NA,NA,NA,NA,NA,NA,NA,NA,11.4,0.76175102,0.03294,NA
10,Deer,Stags R2,1.5,Male,150,104.10673607406753,4.007463532599743,3.1773346695690705,NA,NA,NA,NA,NA,NA,NA,NA,NA,NA,NA,NA,11.4,0.76175102,0.03294,NA
10,Deer,Stags R3,2.5,Male,150,152.86420905403116,4.007463532599729,3.1773346695690705,NA,NA,NA,NA,NA,NA,NA,NA,NA,NA,NA,NA,11.4,0.76175102,0.03294,NA
10,Deer,Stags Mature,4,Male,150,154.86794082033103,3.08379605907843,3.1773346695690705,NA,NA,NA,NA,NA,NA,NA,NA,NA,NA,NA,NA,11.4,0.76175102,0.03294,NA
11,Deer,Hinds R1,0.5,Female,113,10.813834269662923,1.546488764044943,0,NA,NA,NA,NA,NA,12,NA,20.4,NA,NA,0.0366,NA,10.4,0.707208163,0.02843,NA
11,Deer,Hinds R2,1.5,Female,113,60.863834269662924,4.077106741573033,0,NA,NA,0.6,0.7,1.0999999999999999,NA,NA,NA,NA,NA,NA,NA,10.4,0.707208163,0.02843,NA
11,Deer,Hinds Mature,4,Female,113,110,0,0,NA,NA,0.6,0.85,1.0999999999999999,12,20.4,NA,NA,NA,0.0366,NA,10.4,0.707208163,0.02843,NA
11,Deer,Stags R1,0.5,Male,150,11.868283765396612,1.4694032952865737,0,NA,NA,NA,NA,NA,12,NA,20.4,NA,NA,0.0366,NA,10.4,0.707208163,0.02843,NA
11,Deer,Stags R2,1.5,Male,150,59.42351768558032,3.87388141484643,0.40997866704117003,NA,NA,NA,NA,NA,NA,NA,NA,NA,NA,NA,NA,10.4,0.707208163,0.02843,NA
11,Deer,Stags R3,2.5,Male,150,108.18099066554396,3.873881414846423,0.40997866704117003,NA,NA,NA,NA,NA,NA,NA,NA,NA,NA,NA,NA,10.4,0.707208163,0.02843,NA
11,Deer,Stags Mature,4,Male,150,154.86794082033103,2.9843187668500937,0.40997866704117003,NA,NA,NA,NA,NA,NA,NA,NA,NA,NA,NA,NA,10.4,0.707208163,0.02843,NA
12,Deer,Hinds R1,0.5,Female,113,13.836516853932585,4.217696629213481,0,NA,NA,NA,NA,NA,31,NA,52.699999999999996,NA,NA,0.0366,NA,10.2,0.68777551,0.02763,NA
12,Deer,Hinds R2,1.5,Female,113,65.15182584269662,4.217696629213485,0,NA,NA,NA,0.7,NA,NA,NA,NA,NA,NA,NA,NA,10.2,0.68777551,0.02763,NA
12,Deer,Hinds Mature,4,Female,113,110,0,0,NA,NA,NA,0.85,NA,31,52.699999999999996,NA,NA,NA,0.0366,NA,10.2,0.68777551,0.02763,NA
12,Deer,Stags R1,0.5,Male,150,14.740299297093099,4.007463532599749,0,NA,NA,NA,NA,NA,31,NA,52.699999999999996,NA,NA,0.0366,NA,10.2,0.68777551,0.02763,NA
12,Deer,Stags R2,1.5,Male,150,63.497772277056725,4.0074635325997505,0,NA,NA,NA,NA,NA,NA,NA,NA,NA,NA,NA,NA,10.2,0.68777551,0.02763,NA
12,Deer,Stags R3,2.5,Male,150,112.25524525702036,4.007463532599758,0,NA,NA,NA,NA,NA,NA,NA,NA,NA,NA,NA,NA,10.2,0.68777551,0.02763,NA
12,Deer,Stags Mature,4,Male,150,154.86794082033103,3.08379605907843,0,NA,NA,NA,NA,NA,NA,NA,NA,NA,NA,NA,NA,10.2,0.68777551,0.02763,NA
1,Sheep,Ewe Hoggets,1.5,Female,66,62.88406684839677,0.27303918523390536,NA,0.45900708899468634,NA,NA,1.3062,NA,10,8.442622950819672,NA,NA,0.08,0.06,NA,9.730512816,0.675741264,0.026064676420000002,NA
1,Sheep,Ram and Wether Hoggets,1.5,Mixed,66,62.88406684839677,0.27303918523390536,NA,0.45900708899468645,NA,NA,NA,NA,NA,NA,NA,NA,NA,NA,NA,9.730512816,0.675741264,0.026064676420000002,NA
1,Sheep,Lambs,0.5,Mixed,66,32.89160552929191,6.33892964713873,NA,0.22950354449734317,NA,NA,NA,NA,10,NA,8.442622950819672,NA,0.08,0.06,NA,9.730512816,0.675741264,0.026064676420000002,NA
1,Sheep,Ewes Mature,4,Female,66,64.95006335,0,NA,0.4590070889946864,NA,NA,1.3062,NA,10,8.442622950819672,NA,NA,0.08,0.06,NA,9.730512816,0.675741264,0.026064676420000002,NA
1,Sheep,Rams Mature,3,Male,92,90.93008868999999,1.55,NA,0.4590070889946864,NA,NA,NA,NA,NA,NA,NA,NA,NA,NA,NA,9.730512816,0.675741264,0.026064676420000002,NA
1,Sheep,Wethers Mature,4,Castrate,80,64.95006335,0,NA,0.4590070889946864,NA,NA,NA,NA,NA,NA,NA,NA,NA,NA,NA,9.730512816,0.675741264,0.026064676420000002,NA
2,Sheep,Ewe Hoggets,1.5,Female,66,63.15255538054345,0.24573526671051837,NA,0.37331606667805,NA,NA,NA,NA,NA,NA,NA,NA,NA,NA,NA,9.60334566,0.658113959,0.024910717739999998,NA
2,Sheep,Ram and Wether Hoggets,1.5,Mixed,66,63.15255538054345,0.24573526671051837,NA,0.37331606667805006,NA,NA,NA,NA,NA,NA,NA,NA,NA,NA,NA,9.60334566,0.658113959,0.024910717739999998,NA
2,Sheep,Lambs,0.5,Mixed,66,39.12488634897832,5.705036682424854,NA,0.186658033339025,NA,NA,NA,NA,NA,NA,NA,NA,NA,NA,NA,9.60334566,0.658113959,0.024910717739999998,NA
2,Sheep,Ewes Mature,4,Female,66,64.95006335,0,NA,0.37331606667805006,NA,NA,1.3062,NA,NA,NA,NA,NA,NA,NA,NA,9.60334566,0.658113959,0.024910717739999998,NA
2,Sheep,Rams Mature,3,Male,92,90.93008868999999,1.4000000000000001,NA,0.37331606667805,NA,NA,NA,NA,NA,NA,NA,NA,NA,NA,NA,9.60334566,0.658113959,0.024910717739999998,NA
2,Sheep,Wethers Mature,4,Castrate,80,64.95006335,0,NA,0.37331606667805006,NA,NA,NA,NA,NA,NA,NA,NA,NA,NA,NA,9.60334566,0.658113959,0.024910717739999998,NA
3,Sheep,Ewe Hoggets,1.5,Female,66,63.42104391269012,0.27303918523390536,NA,0.3544759550197682,NA,NA,NA,NA,NA,NA,NA,NA,NA,NA,NA,9.259422106,0.636916984,0.026844073179999997,NA
3,Sheep,Ram and Wether Hoggets,1.5,Mixed,66,63.42104391269012,0.27303918523390536,NA,0.3544759550197681,NA,NA,NA,NA,NA,NA,NA,NA,NA,NA,NA,9.259422106,0.636916984,0.026844073179999997,NA
3,Sheep,Lambs,0.5,Mixed,66,43.826259170606214,3.2751136510216696,NA,0.17723797750988407,NA,NA,NA,NA,NA,NA,NA,NA,NA,NA,NA,9.259422106,0.636916984,0.026844073179999997,NA
3,Sheep,Ewes Mature,4,Female,66,64.95006335,0,NA,0.35447595501976814,NA,NA,1.3062,NA,NA,NA,NA,NA,NA,NA,NA,9.259422106,0.636916984,0.026844073179999997,NA
3,Sheep,Rams Mature,3,Male,92,90.93008868999999,1.55,NA,0.3544759550197681,NA,NA,NA,NA,NA,NA,NA,NA,NA,NA,NA,9.259422106,0.636916984,0.026844073179999997,NA
3,Sheep,Wethers Mature,4,Castrate,80,64.95006335,0,NA,0.35447595501976814,NA,NA,NA,NA,NA,NA,NA,NA,NA,NA,NA,9.259422106,0.636916984,0.026844073179999997,NA
4,Sheep,Ewe Hoggets,1.5,Female,66,63.69863375101126,0.26393787905944777,NA,0.28843246780758347,5,NA,0.2162,0.5567148287142857,NA,NA,NA,NA,NA,NA,NA,9.763966353,0.673750061,0.02974875119,NA
4,Sheep,Ram and Wether Hoggets,1.5,Mixed,66,63.69863375101126,0.26393787905944777,NA,0.2884324678075834,NA,NA,NA,NA,NA,NA,NA,NA,NA,NA,NA,9.763966353,0.673750061,0.02974875119,NA
4,Sheep,Lambs,0.5,Mixed,66,47.10137282162789,3.0638159961170572,NA,0.1442162339037917,5,NA,0.2162,0.5567148287142857,NA,NA,NA,NA,NA,NA,NA,9.763966353,0.673750061,0.02974875119,NA
4,Sheep,Ewes Mature,4,Female,66,64.95006335,0,NA,0.2884324678075834,5,NA,1.3062,0.5567148287142857,NA,NA,NA,NA,NA,NA,NA,9.763966353,0.673750061,0.02974875119,NA
4,Sheep,Rams Mature,3,Male,92,90.93008868999999,1.5,NA,0.28843246780758347,NA,NA,NA,NA,NA,NA,NA,NA,NA,NA,NA,9.763966353,0.673750061,0.02974875119,NA
4,Sheep,Wethers Mature,4,Castrate,80,64.95006335,0,NA,0.28843246780758347,NA,NA,NA,NA,NA,NA,NA,NA,NA,NA,NA,9.763966353,0.673750061,0.02974875119,NA
5,Sheep,Ewe Hoggets,1.5,Female,66,63.976223589332406,0.27303918523390536,NA,0.2589446837766241,36,NA,0.2162,1.2327256921530612,NA,NA,NA,NA,NA,NA,NA,9.74654432,0.684312585,0.03120096776,NA
5,Sheep,Ram and Wether Hoggets,1.5,Mixed,66,63.976223589332406,0.27303918523390536,NA,0.2589446837766241,NA,NA,NA,NA,NA,NA,NA,NA,NA,NA,NA,9.74654432,0.684312585,0.03120096776,NA
5,Sheep,Lambs,0.5,Mixed,66,50.323662058923404,3.1694648235693634,NA,0.12947234188831205,36,NA,0.2162,1.2327256921530612,NA,NA,NA,NA,NA,NA,NA,9.74654432,0.684312585,0.03120096776,NA
5,Sheep,Ewes Mature,4,Female,66,64.95006335,0,NA,0.2589446837766241,36,NA,1.3062,1.2327256921530612,NA,NA,NA,NA,NA,NA,NA,9.74654432,0.684312585,0.03120096776,NA
5,Sheep,Rams Mature,3,Male,92,90.93008868999999,1.55,NA,0.2589446837766241,NA,NA,NA,NA,NA,NA,NA,NA,NA,NA,NA,9.74654432,0.684312585,0.03120096776,NA
5,Sheep,Wethers Mature,4,Castrate,80,64.95006335,0,NA,0.2589446837766241,NA,NA,NA,NA,NA,NA,NA,NA,NA,NA,NA,9.74654432,0.684312585,0.03120096776,NA
6,Sheep,Ewe Hoggets,1.5,Female,66,64.25381342765354,0.26393787905944066,NA,0.23952239786292878,66,NA,0.2162,1.1929603472448977,NA,NA,NA,NA,NA,NA,NA,10.75185121,0.726020299,0.03321785003,NA
6,Sheep,Ram and Wether Hoggets,1.5,Mixed,66,64.25381342765354,0.26393787905944066,NA,0.23952239786292878,NA,NA,NA,NA,NA,NA,NA,NA,NA,NA,NA,10.75185121,0.726020299,0.03321785003,NA
6,Sheep,Lambs,0.5,Mixed,66,53.54595129621893,3.0638159961170572,NA,0.11976119893146442,66,NA,0.2162,1.1929603472448977,NA,NA,NA,NA,NA,NA,NA,10.75185121,0.726020299,0.03321785003,NA
6,Sheep,Ewes Mature,4,Female,66,64.95006335,0,NA,0.2395223978629288,66,NA,1.3062,1.1929603472448977,NA,NA,NA,NA,NA,NA,NA,10.75185121,0.726020299,0.03321785003,NA
6,Sheep,Rams Mature,3,Male,92,90.93008868999999,1.5,NA,0.23952239786292884,NA,NA,NA,NA,NA,NA,NA,NA,NA,NA,NA,10.75185121,0.726020299,0.03321785003,NA
6,Sheep,Wethers Mature,4,Castrate,80,64.95006335,0,NA,0.2395223978629288,NA,NA,NA,NA,NA,NA,NA,NA,NA,NA,NA,10.75185121,0.726020299,0.03321785003,NA
7,Sheep,Ewe Hoggets,1.5,Female,66,64.53140326597467,0.27303918523389825,NA,0.26675608834658504,97,NA,0.2162,1.2327256921530612,NA,NA,NA,NA,NA,NA,NA,11.10312085,0.741413588,0.03464922574,NA
7,Sheep,Ram and Wether Hoggets,1.5,Mixed,66,64.53140326597467,0.27303918523389825,NA,0.266756088346585,NA,NA,NA,NA,NA,NA,NA,NA,NA,NA,NA,11.10312085,0.741413588,0.03464922574,NA
7,Sheep,Lambs,0.5,Mixed,66,56.768240533514444,3.1694648235693634,NA,0.1333780441732925,97,NA,0.2162,1.2327256921530612,NA,NA,NA,NA,NA,NA,NA,11.10312085,0.741413588,0.03464922574,NA
7,Sheep,Ewes Mature,4,Female,66,64.95006335,0,NA,0.26675608834658504,97,NA,1.3062,1.2327256921530612,NA,NA,NA,NA,NA,NA,NA,11.10312085,0.741413588,0.03464922574,NA
7,Sheep,Rams Mature,3,Male,92,90.93008868999999,1.55,NA,0.26675608834658504,NA,NA,NA,NA,NA,NA,NA,NA,NA,NA,NA,11.10312085,0.741413588,0.03464922574,NA
7,Sheep,Wethers Mature,4,Castrate,80,64.95006335,0,NA,0.26675608834658504,NA,NA,NA,NA,NA,NA,NA,NA,NA,NA,NA,11.10312085,0.741413588,0.03464922574,NA
8,Sheep,Ewe Hoggets,1.5,Female,66,64.81354375738303,0.27303918523391246,NA,0.3116046568132371,128,NA,0.2162,1.2327256921530612,NA,NA,NA,NA,NA,NA,NA,11.32757072,0.754282976,0.03481001399,NA
8,Sheep,Ram and Wether Hoggets,1.5,Mixed,66,64.81354375738303,0.27303918523391246,NA,0.31160465681323707,NA,NA,NA,NA,NA,NA,NA,NA,NA,NA,NA,11.32757072,0.754282976,0.03481001399,NA
8,Sheep,Lambs,0.5,Mixed,66,60.04335418453613,3.1694648235693634,NA,0.15580232840661856,128,NA,0.2162,1.2327256921530612,NA,NA,NA,NA,NA,NA,NA,11.32757072,0.754282976,0.03481001399,NA
8,Sheep,Ewes Mature,4,Female,66,64.95006335,0,NA,0.311604656813237,128,NA,1.3062,1.2327256921530612,NA,NA,NA,NA,NA,NA,NA,11.32757072,0.754282976,0.03481001399,NA
8,Sheep,Rams Mature,3,Male,92,90.93008868999999,1.55,NA,0.31160465681323707,NA,NA,NA,NA,NA,NA,NA,NA,NA,NA,NA,11.32757072,0.754282976,0.03481001399,NA
8,Sheep,Wethers Mature,4,Castrate,80,64.95006335,0,NA,0.31160465681323707,NA,NA,NA,NA,NA,NA,NA,NA,NA,NA,NA,11.32757072,0.754282976,0.03481001399,NA
9,Sheep,Ewe Hoggets,1.5,Female,66,61.76915684202499,0.26393787905944066,NA,0.3582541374689408,138,NA,0.2162,0.3976534490816326,20,16.885245901639344,NA,NA,0.08,0.06,NA,11.32933467,0.761490287,0.03661721773,NA
9,Sheep,Ram and Wether Hoggets,1.5,Mixed,66,61.76915684202499,0.26393787905944066,NA,0.35825413746894086,NA,NA,NA,NA,NA,NA,NA,NA,NA,NA,NA,11.32933467,0.761490287,0.03661721773,NA
9,Sheep,Lambs,0.5,Mixed,66,8.064131077998553,4.014655443187861,NA,0.1791270687344704,138,NA,0.2162,0.3976534490816326,20,NA,16.885245901639344,NA,0.08,0.06,NA,11.32933467,0.761490287,0.03661721773,NA
9,Sheep,Ewes Mature,4,Female,66,64.95006335,0,NA,0.3582541374689408,138,NA,1.3062,0.3976534490816326,20,16.885245901639344,NA,NA,0.08,0.06,NA,11.32933467,0.761490287,0.03661721773,NA
9,Sheep,Rams Mature,3,Male,92,90.93008868999999,1.5,NA,0.3582541374689408,NA,NA,NA,NA,NA,NA,NA,NA,NA,NA,NA,11.32933467,0.761490287,0.03661721773,NA
9,Sheep,Wethers Mature,4,Castrate,80,64.95006335,0,NA,0.3582541374689408,NA,NA,NA,NA,NA,NA,NA,NA,NA,NA,NA,11.32933467,0.761490287,0.03661721773,NA
10,Sheep,Ewe Hoggets,1.5,Female,66,62.04674668034613,0.27303918523390536,NA,0.42704065576759076,NA,NA,1.3062,NA,31,26.172131147540984,NA,NA,0.08,0.06,NA,11.3,0.75677551,0.0325,NA
10,Sheep,Ram and Wether Hoggets,1.5,Mixed,66,62.04674668034613,0.27303918523390536,NA,0.4270406557675907,NA,NA,NA,NA,NA,NA,NA,NA,NA,NA,NA,11.3,0.75677551,0.0325,NA
10,Sheep,Lambs,0.5,Mixed,66,13.452221278066474,6.338929647138729,NA,0.2135203278837954,NA,NA,NA,NA,31,NA,26.172131147540984,NA,0.08,0.06,NA,11.3,0.75677551,0.0325,NA
10,Sheep,Ewes Mature,4,Female,66,64.95006335,0,NA,0.42704065576759076,NA,NA,1.3062,NA,31,26.172131147540984,NA,NA,0.08,0.06,NA,11.3,0.75677551,0.0325,NA
10,Sheep,Rams Mature,3,Male,92,90.93008868999999,1.55,NA,0.4270406557675908,NA,NA,NA,NA,NA,NA,NA,NA,NA,NA,NA,11.3,0.75677551,0.0325,NA
10,Sheep,Wethers Mature,4,Castrate,80,64.95006335,0,NA,0.42704065576759087,NA,NA,NA,NA,NA,NA,NA,NA,NA,NA,NA,11.3,0.75677551,0.0325,NA
11,Sheep,Ewe Hoggets,1.5,Female,66,62.324336518667266,0.26393787905944066,NA,0.45204313178928346,NA,NA,1.3062,NA,30,25.32786885245902,NA,NA,0.08,0.06,NA,10.3,0.701387755,0.027999999999999997,NA
11,Sheep,Ram and Wether Hoggets,1.5,Mixed,66,62.324336518667266,0.26393787905944066,NA,0.45204313178928357,NA,NA,NA,NA,NA,NA,NA,NA,NA,NA,NA,10.3,0.701387755,0.027999999999999997,NA
11,Sheep,Lambs,0.5,Mixed,66,19.896799752657515,6.127631992234104,NA,0.22602156589464178,NA,NA,NA,NA,30,NA,25.32786885245902,NA,0.08,0.06,NA,10.3,0.701387755,0.027999999999999997,NA
11,Sheep,Ewes Mature,4,Female,66,64.95006335,0,NA,0.4520431317892835,NA,NA,1.3062,NA,30,25.32786885245902,NA,NA,0.08,0.06,NA,10.3,0.701387755,0.027999999999999997,NA
11,Sheep,Rams Mature,3,Male,92,90.93008868999999,1.5,NA,0.45204313178928357,NA,NA,NA,NA,NA,NA,NA,NA,NA,NA,NA,10.3,0.701387755,0.027999999999999997,NA
11,Sheep,Wethers Mature,4,Castrate,80,64.95006335,0,NA,0.4520431317892836,NA,NA,NA,NA,NA,NA,NA,NA,NA,NA,NA,10.3,0.701387755,0.027999999999999997,NA
12,Sheep,Ewe Hoggets,1.5,Female,66,62.6019263569884,0.27303918523390536,NA,0.47981455891523817,NA,NA,1.3062,NA,31,26.172131147540984,NA,NA,0.08,0.06,NA,10.1,0.681673469,0.027200000000000002,NA
12,Sheep,Ram and Wether Hoggets,1.5,Mixed,66,62.6019263569884,0.27303918523390536,NA,0.47981455891523817,NA,NA,NA,NA,NA,NA,NA,NA,NA,NA,NA,10.1,0.681673469,0.027200000000000002,NA
12,Sheep,Lambs,0.5,Mixed,66,26.34137822724855,6.338929647138727,NA,0.2399072794576191,NA,NA,NA,NA,31,NA,26.172131147540984,NA,0.08,0.06,NA,10.1,0.681673469,0.027200000000000002,NA
12,Sheep,Ewes Mature,4,Female,66,64.95006335,0,NA,0.4798145589152382,NA,NA,1.3062,NA,31,26.172131147540984,NA,NA,0.08,0.06,NA,10.1,0.681673469,0.027200000000000002,NA
12,Sheep,Rams Mature,3,Male,92,90.93008868999999,1.55,NA,0.47981455891523817,NA,NA,NA,NA,NA,NA,NA,NA,NA,NA,NA,10.1,0.681673469,0.027200000000000002,NA
12,Sheep,Wethers Mature,4,Castrate,80,64.95006335,0,NA,0.4798145589152382,NA,NA,NA,NA,NA,NA,NA,NA,NA,NA,NA,10.1,0.681673469,0.027200000000000002,NA
